model,pr_auc_cv,roc_auc_cv,f1_cv,balanced_acc_cv
logreg,0.557784444238092,0.518296442271838,0.3437865141928647,0.5118270154703535
rf,0.542914522009412,0.48192316467535806,0.5114835732383024,0.48980934227202305
