model,rmse_cv,mae_cv,mape_cv,r2_cv,directional_acc_cv
rf,4.669448955470618,3.51559219469697,522.3333838291506,-0.5104507813628846,0.47765151515151516
ridge,21.077193830147632,16.0362815436972,3051.079772482244,-52.70405090644208,0.48863636363636365
